413.0035708349807351,0.0000000000000000,-718.7523212307758058,-240.5124848933966462,218.2508174312671372,134.2128595472432266,23.5728603882767516,351.3881774920488965,0.0000000000000000,0.0000000000000000,0.0000000000000000,0.0000000000000000,0.0000000000000000,-799.7322148411865328,503.6469242425328048,-279.5726332015490243,0.0000000000000000,-370.1284545748626442,32.6866473855062765,0.0000000000000000,0.0000000000000000,0.0000000000000000,0.0000000000000000,0.0000000000000000,-396.1573571487286358,-25.1610256289615961,-117.6392149775059579,102.5359372201835697
-413.0035708349807351,0.0000000000000000,718.7523212307758058,240.5124848933966462,-218.2508174312671372,-134.2128595472432266,-23.5728603882767516,-351.3881774920488965,0.0000000000000000,0.0000000000000000,0.0000000000000000,0.0000000000000000,0.0000000000000000,799.7322148411865328,-503.6469242425328048,279.5726332015490243,0.0000000000000000,370.1284545748626442,-32.6866473855062765,0.0000000000000000,0.0000000000000000,0.0000000000000000,0.0000000000000000,0.0000000000000000,396.1573571487286358,25.1610256289615961,117.6392149775059579,-102.5359372201835697
-413.0035708349807351,0.0000000000000000,718.7523212307758058,240.5124848933966462,-218.2508174312671372,-134.2128595472432266,-23.5728603882767516,-351.3881774920488965,0.0000000000000000,0.0000000000000000,0.0000000000000000,0.0000000000000000,0.0000000000000000,799.7322148411865328,-503.6469242425328048,279.5726332015490243,0.0000000000000000,370.1284545748626442,-32.6866473855062765,0.0000000000000000,0.0000000000000000,0.0000000000000000,0.0000000000000000,0.0000000000000000,396.1573571487286358,25.1610256289615961,117.6392149775059579,-102.5359372201835697
-413.0035708349807351,0.0000000000000000,718.7523212307758058,240.5124848933966462,-218.2508174312671372,-134.2128595472432266,-23.5728603882767516,-351.3881774920488965,0.0000000000000000,0.0000000000000000,0.0000000000000000,0.0000000000000000,0.0000000000000000,799.7322148411865328,-503.6469242425328048,279.5726332015490243,0.0000000000000000,370.1284545748626442,-32.6866473855062765,0.0000000000000000,0.0000000000000000,0.0000000000000000,0.0000000000000000,0.0000000000000000,396.1573571487286358,25.1610256289615961,117.6392149775059579,-102.5359372201835697
413.0035708349807351,0.0000000000000000,-718.7523212307758058,-240.5124848933966462,218.2508174312671372,134.2128595472432266,23.5728603882767516,351.3881774920488965,0.0000000000000000,0.0000000000000000,0.0000000000000000,0.0000000000000000,0.0000000000000000,-799.7322148411865328,503.6469242425328048,-279.5726332015490243,0.0000000000000000,-370.1284545748626442,32.6866473855062765,0.0000000000000000,0.0000000000000000,0.0000000000000000,0.0000000000000000,0.0000000000000000,-396.1573571487286358,-25.1610256289615961,-117.6392149775059579,102.5359372201835697
413.0035708349807351,0.0000000000000000,-718.7523212307758058,-240.5124848933966462,218.2508174312671372,134.2128595472432266,23.5728603882767516,351.3881774920488965,0.0000000000000000,0.0000000000000000,0.0000000000000000,0.0000000000000000,0.0000000000000000,-799.7322148411865328,503.6469242425328048,-279.5726332015490243,0.0000000000000000,-370.1284545748626442,32.6866473855062765,0.0000000000000000,0.0000000000000000,0.0000000000000000,0.0000000000000000,0.0000000000000000,-396.1573571487286358,-25.1610256289615961,-117.6392149775059579,102.5359372201835697
-413.0035708349807351,0.0000000000000000,718.7523212307758058,240.5124848933966462,-218.2508174312671372,-134.2128595472432266,-23.5728603882767516,-351.3881774920488965,0.0000000000000000,0.0000000000000000,0.0000000000000000,0.0000000000000000,0.0000000000000000,799.7322148411865328,-503.6469242425328048,279.5726332015490243,0.0000000000000000,370.1284545748626442,-32.6866473855062765,0.0000000000000000,0.0000000000000000,0.0000000000000000,0.0000000000000000,0.0000000000000000,396.1573571487286358,25.1610256289615961,117.6392149775059579,-102.5359372201835697
413.0035708349807351,0.0000000000000000,-718.7523212307758058,-240.5124848933966462,218.2508174312671372,134.2128595472432266,23.5728603882767516,351.3881774920488965,0.0000000000000000,0.0000000000000000,0.0000000000000000,0.0000000000000000,0.0000000000000000,-799.7322148411865328,503.6469242425328048,-279.5726332015490243,0.0000000000000000,-370.1284545748626442,32.6866473855062765,0.0000000000000000,0.0000000000000000,0.0000000000000000,0.0000000000000000,0.0000000000000000,-396.1573571487286358,-25.1610256289615961,-117.6392149775059579,102.5359372201835697
-413.0035708349807351,0.0000000000000000,718.7523212307758058,240.5124848933966462,-218.2508174312671372,-134.2128595472432266,-23.5728603882767516,-351.3881774920488965,0.0000000000000000,0.0000000000000000,0.0000000000000000,0.0000000000000000,0.0000000000000000,799.7322148411865328,-503.6469242425328048,279.5726332015490243,0.0000000000000000,370.1284545748626442,-32.6866473855062765,0.0000000000000000,0.0000000000000000,0.0000000000000000,0.0000000000000000,0.0000000000000000,396.1573571487286358,25.1610256289615961,117.6392149775059579,-102.5359372201835697
-413.0035708349807351,0.0000000000000000,718.7523212307758058,240.5124848933966462,-218.2508174312671372,-134.2128595472432266,-23.5728603882767516,-351.3881774920488965,0.0000000000000000,0.0000000000000000,0.0000000000000000,0.0000000000000000,0.0000000000000000,799.7322148411865328,-503.6469242425328048,279.5726332015490243,0.0000000000000000,370.1284545748626442,-32.6866473855062765,0.0000000000000000,0.0000000000000000,0.0000000000000000,0.0000000000000000,0.0000000000000000,396.1573571487286358,25.1610256289615961,117.6392149775059579,-102.5359372201835697
413.0035708349807351,0.0000000000000000,-718.7523212307758058,-240.5124848933966462,218.2508174312671372,134.2128595472432266,23.5728603882767516,351.3881774920488965,0.0000000000000000,0.0000000000000000,0.0000000000000000,0.0000000000000000,0.0000000000000000,-799.7322148411865328,503.6469242425328048,-279.5726332015490243,0.0000000000000000,-370.1284545748626442,32.6866473855062765,0.0000000000000000,0.0000000000000000,0.0000000000000000,0.0000000000000000,0.0000000000000000,-396.1573571487286358,-25.1610256289615961,-117.6392149775059579,102.5359372201835697
413.0035708349807351,0.0000000000000000,-718.7523212307758058,-240.5124848933966462,218.2508174312671372,134.2128595472432266,23.5728603882767516,351.3881774920488965,0.0000000000000000,0.0000000000000000,0.0000000000000000,0.0000000000000000,0.0000000000000000,-799.7322148411865328,503.6469242425328048,-279.5726332015490243,0.0000000000000000,-370.1284545748626442,32.6866473855062765,0.0000000000000000,0.0000000000000000,0.0000000000000000,0.0000000000000000,0.0000000000000000,-396.1573571487286358,-25.1610256289615961,-117.6392149775059579,102.5359372201835697
-413.0035708349807351,0.0000000000000000,718.7523212307758058,240.5124848933966462,-218.2508174312671372,-134.2128595472432266,-23.5728603882767516,-351.3881774920488965,0.0000000000000000,0.0000000000000000,0.0000000000000000,0.0000000000000000,0.0000000000000000,799.7322148411865328,-503.6469242425328048,279.5726332015490243,0.0000000000000000,370.1284545748626442,-32.6866473855062765,0.0000000000000000,0.0000000000000000,0.0000000000000000,0.0000000000000000,0.0000000000000000,396.1573571487286358,25.1610256289615961,117.6392149775059579,-102.5359372201835697
-413.0035708349807351,0.0000000000000000,718.7523212307758058,240.5124848933966462,-218.2508174312671372,-134.2128595472432266,-23.5728603882767516,-351.3881774920488965,0.0000000000000000,0.0000000000000000,0.0000000000000000,0.0000000000000000,0.0000000000000000,799.7322148411865328,-503.6469242425328048,279.5726332015490243,0.0000000000000000,370.1284545748626442,-32.6866473855062765,0.0000000000000000,0.0000000000000000,0.0000000000000000,0.0000000000000000,0.0000000000000000,396.1573571487286358,25.1610256289615961,117.6392149775059579,-102.5359372201835697
0.0000000000000000,93.2507928022295260,73.5265416542771533,-169.3463181111617359,79.4632511507008701,0.0000000000000000,-122.2579912821846477,125.1954478679145382,92.2432180723614010,-56.5847346048193316,119.9225142347679878,0.0000000000000000,-107.2604376081491466,0.0000000000000000,0.0000000000000000,0.2124292750687573,179.0132600336440305,0.0000000000000000,0.0000000000000000,0.0000000000000000,0.0000000000000000,0.0000000000000000,0.0000000000000000,0.0000000000000000,0.0000000000000000,0.0000000000000000,0.0000000000000000,-83.1177060962308616
0.0000000000000000,0.0000000000000000,0.0000000000000000,0.0000000000000000,0.0000000000000000,0.0000000000000000,0.0000000000000000,0.0000000000000000,0.0000000000000000,0.0000000000000000,0.0000000000000000,0.0000000000000000,0.0000000000000000,0.0000000000000000,0.0000000000000000,0.0000000000000000,0.0000000000000000,0.0000000000000000,0.0000000000000000,0.0000000000000000,0.0000000000000000,0.0000000000000000,0.0000000000000000,0.0000000000000000,0.0000000000000000,0.0000000000000000,0.0000000000000000,0.0000000000000000
0.0000000000000000,518.0841402908615692,408.4998526747715459,-940.8567905274296663,441.4831115102689409,0.0000000000000000,-679.2427646320653594,695.5627295795720784,512.4862416348188390,-314.3743093262311277,666.2672865485056946,0.0000000000000000,-595.9191330769140222,0.0000000000000000,0.0000000000000000,1.1802177229744473,994.5645301042148958,0.0000000000000000,0.0000000000000000,0.0000000000000000,0.0000000000000000,0.0000000000000000,0.0000000000000000,0.0000000000000000,0.0000000000000000,0.0000000000000000,0.0000000000000000,-461.7865865992370118
0.0000000000000000,698.2863530177780831,550.5859958817143252,-1268.1095711607115391,595.0416310415755561,0.0000000000000000,-915.4998503956406921,937.4962944446219808,690.7413696201069797,-423.7213087021975184,898.0111867501098004,0.0000000000000000,-803.1942415688999972,0.0000000000000000,0.0000000000000000,1.5907260335745548,1340.4981634400407984,0.0000000000000000,0.0000000000000000,0.0000000000000000,0.0000000000000000,0.0000000000000000,0.0000000000000000,0.0000000000000000,0.0000000000000000,0.0000000000000000,0.0000000000000000,-622.4071465454920826
0.0000000000000000,158.1554192002227524,124.7026504357699395,-287.2151230680443632,134.7714418193257586,0.0000000000000000,-207.3522731631809961,212.3342648839790741,156.4465500422327580,-95.9689687651061405,203.3912521319705604,0.0000000000000000,-181.9160884722320191,0.0000000000000000,0.0000000000000000,0.3602847765611266,303.6104716349665296,0.0000000000000000,0.0000000000000000,0.0000000000000000,0.0000000000000000,0.0000000000000000,0.0000000000000000,0.0000000000000000,0.0000000000000000,0.0000000000000000,0.0000000000000000,-140.9694787098475786
0.0000000000000000,6.1989757412950697,4.8877787990804951,-11.2575312906468987,5.2824297939465339,0.0000000000000000,-8.1272694779663759,8.3225409772089183,6.1319958141512751,-3.7615486860987648,7.9720154031619739,0.0000000000000000,-7.1302863037719151,0.0000000000000000,0.0000000000000000,0.0141215305877875,11.9001546579041388,0.0000000000000000,0.0000000000000000,0.0000000000000000,0.0000000000000000,0.0000000000000000,0.0000000000000000,0.0000000000000000,0.0000000000000000,0.0000000000000000,0.0000000000000000,-5.5253647532561194
0.0000000000000000,237.8908813971063410,187.5726015253657692,-432.0171836207255183,202.7176636987036034,0.0000000000000000,-311.8907671449124450,319.3844743322288195,235.3204706439223912,-144.3525785063349645,305.9327621071324756,0.0000000000000000,-273.6307035561403040,0.0000000000000000,0.0000000000000000,0.5419255532532787,456.6783930887372662,0.0000000000000000,0.0000000000000000,0.0000000000000000,0.0000000000000000,0.0000000000000000,0.0000000000000000,0.0000000000000000,0.0000000000000000,0.0000000000000000,0.0000000000000000,-212.0404960510453520
0.0000000000000000,280.7988699915478037,221.4047644044680396,-509.9394153537585908,239.2815166332600256,0.0000000000000000,-368.1459939143076099,376.9913287917443085,277.7648384613381722,-170.3892166311428014,361.1133532675236211,0.0000000000000000,-322.9850253288901740,0.0000000000000000,0.0000000000000000,0.6396717775787621,539.0487267765998922,0.0000000000000000,0.0000000000000000,0.0000000000000000,0.0000000000000000,0.0000000000000000,0.0000000000000000,0.0000000000000000,0.0000000000000000,0.0000000000000000,0.0000000000000000,-250.2858929854931205
0.0000000000000000,0.0000000000000000,0.0000000000000000,0.0000000000000000,0.0000000000000000,0.0000000000000000,0.0000000000000000,0.0000000000000000,0.0000000000000000,0.0000000000000000,0.0000000000000000,0.0000000000000000,0.0000000000000000,0.0000000000000000,0.0000000000000000,0.0000000000000000,0.0000000000000000,0.0000000000000000,0.0000000000000000,0.0000000000000000,0.0000000000000000,0.0000000000000000,0.0000000000000000,0.0000000000000000,0.0000000000000000,0.0000000000000000,0.0000000000000000,0.0000000000000000
0.0000000000000000,0.0000000000000000,0.0000000000000000,0.0000000000000000,0.0000000000000000,0.0000000000000000,0.0000000000000000,0.0000000000000000,0.0000000000000000,0.0000000000000000,0.0000000000000000,0.0000000000000000,0.0000000000000000,0.0000000000000000,0.0000000000000000,0.0000000000000000,0.0000000000000000,0.0000000000000000,0.0000000000000000,0.0000000000000000,0.0000000000000000,0.0000000000000000,0.0000000000000000,0.0000000000000000,0.0000000000000000,0.0000000000000000,0.0000000000000000,0.0000000000000000
0.0000000000000000,0.0000000000000000,0.0000000000000000,0.0000000000000000,0.0000000000000000,0.0000000000000000,0.0000000000000000,0.0000000000000000,0.0000000000000000,0.0000000000000000,0.0000000000000000,0.0000000000000000,0.0000000000000000,0.0000000000000000,0.0000000000000000,0.0000000000000000,0.0000000000000000,0.0000000000000000,0.0000000000000000,0.0000000000000000,0.0000000000000000,0.0000000000000000,0.0000000000000000,0.0000000000000000,0.0000000000000000,0.0000000000000000,0.0000000000000000,0.0000000000000000
0.0000000000000000,0.0000000000000000,0.0000000000000000,0.0000000000000000,0.0000000000000000,0.0000000000000000,0.0000000000000000,0.0000000000000000,0.0000000000000000,0.0000000000000000,0.0000000000000000,0.0000000000000000,0.0000000000000000,0.0000000000000000,0.0000000000000000,0.0000000000000000,0.0000000000000000,0.0000000000000000,0.0000000000000000,0.0000000000000000,0.0000000000000000,0.0000000000000000,0.0000000000000000,0.0000000000000000,0.0000000000000000,0.0000000000000000,0.0000000000000000,0.0000000000000000
0.0000000000000000,0.0000000000000000,0.0000000000000000,0.0000000000000000,0.0000000000000000,0.0000000000000000,0.0000000000000000,0.0000000000000000,0.0000000000000000,0.0000000000000000,0.0000000000000000,0.0000000000000000,0.0000000000000000,0.0000000000000000,0.0000000000000000,0.0000000000000000,0.0000000000000000,0.0000000000000000,0.0000000000000000,0.0000000000000000,0.0000000000000000,0.0000000000000000,0.0000000000000000,0.0000000000000000,0.0000000000000000,0.0000000000000000,0.0000000000000000,0.0000000000000000
0.0000000000000000,614.7399912327409766,484.7112202872705211,-1116.3867993244934951,523.8479679128155340,0.0000000000000000,-805.9650135987453723,825.3296965305881940,608.0977261967846061,-373.0252388164353761,790.5687783871253487,0.0000000000000000,-707.0961918221576070,0.0000000000000000,0.0000000000000000,1.4004038654159672,1180.1144697720533259,0.0000000000000000,0.0000000000000000,0.0000000000000000,0.0000000000000000,0.0000000000000000,0.0000000000000000,0.0000000000000000,0.0000000000000000,0.0000000000000000,0.0000000000000000,-547.9393405828594723
0.0000000000000000,229.3475453531763719,180.8363375792485499,-416.5022216568704607,195.4374976290869483,0.0000000000000000,-300.6898853916090957,307.9144723068912413,226.8694453380350353,-139.1684681287338776,294.9458492074911646,0.0000000000000000,-263.8038491652198445,0.0000000000000000,0.0000000000000000,0.5224634701122852,440.2777771708608157,0.0000000000000000,0.0000000000000000,0.0000000000000000,0.0000000000000000,0.0000000000000000,0.0000000000000000,0.0000000000000000,0.0000000000000000,0.0000000000000000,0.0000000000000000,-204.4255206385925305
0.0000000000000000,98.4995366947196374,77.6650800500019614,-178.8781990334695138,83.9359450723409282,0.0000000000000000,-129.1394436084015638,132.2422388132518734,97.4352492919540225,-59.7696810405574865,126.6725111543303228,0.0000000000000000,-113.2977328405402204,0.0000000000000000,0.0000000000000000,0.2243861370599234,189.0892575350171683,0.0000000000000000,0.0000000000000000,0.0000000000000000,0.0000000000000000,0.0000000000000000,0.0000000000000000,0.0000000000000000,0.0000000000000000,0.0000000000000000,0.0000000000000000,-87.7960958355612888
0.0000000000000000,0.0000000000000000,0.0000000000000000,0.0000000000000000,0.0000000000000000,0.0000000000000000,0.0000000000000000,0.0000000000000000,0.0000000000000000,0.0000000000000000,0.0000000000000000,0.0000000000000000,0.0000000000000000,0.0000000000000000,0.0000000000000000,0.0000000000000000,0.0000000000000000,0.0000000000000000,0.0000000000000000,0.0000000000000000,0.0000000000000000,0.0000000000000000,0.0000000000000000,0.0000000000000000,0.0000000000000000,0.0000000000000000,0.0000000000000000,0.0000000000000000
0.0000000000000000,176.9653719544808723,139.5339535608183041,-321.3745778786243363,150.8002599658315717,0.0000000000000000,-232.0133722352889265,237.5878888873489814,175.0532612744011089,-107.3828790659678276,227.5812537302615510,0.0000000000000000,-203.5519770602172684,0.0000000000000000,0.0000000000000000,0.4031346495497559,339.7198800639108072,0.0000000000000000,0.0000000000000000,0.0000000000000000,0.0000000000000000,0.0000000000000000,0.0000000000000000,0.0000000000000000,0.0000000000000000,0.0000000000000000,0.0000000000000000,-157.7354501051602824
0.0000000000000000,117.7655464348430598,92.8559757528750254,-213.8658674075412591,100.3533901647184621,0.0000000000000000,-154.3984637203911916,158.1081499284299525,116.4930898146777594,-71.4603274713155940,151.4490117917800376,0.0000000000000000,-135.4581946831669654,0.0000000000000000,0.0000000000000000,0.2682749272736658,226.0741571565566232,0.0000000000000000,0.0000000000000000,0.0000000000000000,0.0000000000000000,0.0000000000000000,0.0000000000000000,0.0000000000000000,0.0000000000000000,0.0000000000000000,0.0000000000000000,-104.9685668366701918
0.0000000000000000,0.0000000000000000,0.0000000000000000,0.0000000000000000,0.0000000000000000,0.0000000000000000,0.0000000000000000,0.0000000000000000,0.0000000000000000,0.0000000000000000,0.0000000000000000,0.0000000000000000,0.0000000000000000,0.0000000000000000,0.0000000000000000,0.0000000000000000,0.0000000000000000,0.0000000000000000,0.0000000000000000,0.0000000000000000,0.0000000000000000,0.0000000000000000,0.0000000000000000,0.0000000000000000,0.0000000000000000,0.0000000000000000,0.0000000000000000,0.0000000000000000
0.0000000000000000,0.0000000000000000,0.0000000000000000,0.0000000000000000,0.0000000000000000,0.0000000000000000,0.0000000000000000,0.0000000000000000,0.0000000000000000,0.0000000000000000,0.0000000000000000,0.0000000000000000,0.0000000000000000,0.0000000000000000,0.0000000000000000,0.0000000000000000,0.0000000000000000,0.0000000000000000,0.0000000000000000,0.0000000000000000,0.0000000000000000,0.0000000000000000,0.0000000000000000,0.0000000000000000,0.0000000000000000,0.0000000000000000,0.0000000000000000,0.0000000000000000
0.0000000000000000,0.0000000000000000,0.0000000000000000,0.0000000000000000,0.0000000000000000,0.0000000000000000,0.0000000000000000,0.0000000000000000,0.0000000000000000,0.0000000000000000,0.0000000000000000,0.0000000000000000,0.0000000000000000,0.0000000000000000,0.0000000000000000,0.0000000000000000,0.0000000000000000,0.0000000000000000,0.0000000000000000,0.0000000000000000,0.0000000000000000,0.0000000000000000,0.0000000000000000,0.0000000000000000,0.0000000000000000,0.0000000000000000,0.0000000000000000,0.0000000000000000
0.0000000000000000,0.0000000000000000,0.0000000000000000,0.0000000000000000,0.0000000000000000,0.0000000000000000,0.0000000000000000,0.0000000000000000,0.0000000000000000,0.0000000000000000,0.0000000000000000,0.0000000000000000,0.0000000000000000,0.0000000000000000,0.0000000000000000,0.0000000000000000,0.0000000000000000,0.0000000000000000,0.0000000000000000,0.0000000000000000,0.0000000000000000,0.0000000000000000,0.0000000000000000,0.0000000000000000,0.0000000000000000,0.0000000000000000,0.0000000000000000,0.0000000000000000
0.0000000000000000,0.0000000000000000,0.0000000000000000,0.0000000000000000,0.0000000000000000,0.0000000000000000,0.0000000000000000,0.0000000000000000,0.0000000000000000,0.0000000000000000,0.0000000000000000,0.0000000000000000,0.0000000000000000,0.0000000000000000,0.0000000000000000,0.0000000000000000,0.0000000000000000,0.0000000000000000,0.0000000000000000,0.0000000000000000,0.0000000000000000,0.0000000000000000,0.0000000000000000,0.0000000000000000,0.0000000000000000,0.0000000000000000,0.0000000000000000,0.0000000000000000
0.0000000000000000,35.5088505692650571,27.9980781076442184,-64.4851686893185843,30.2587101521216688,0.0000000000000000,-46.5544647169349233,47.6730150672531607,35.1251774717490477,-21.5468289888470679,45.6651413879574690,0.0000000000000000,-40.8435653635609981,0.0000000000000000,0.0000000000000000,0.0808906729720960,68.1662311861832677,0.0000000000000000,0.0000000000000000,0.0000000000000000,0.0000000000000000,0.0000000000000000,0.0000000000000000,0.0000000000000000,0.0000000000000000,0.0000000000000000,0.0000000000000000,-31.6502853942555191
0.0000000000000000,26.5502416494437838,20.9343791072013090,-48.2160583645721417,22.6246711357837142,0.0000000000000000,-34.8091326043930991,35.6454813349747681,26.2633663130098363,-16.1107303464306568,34.1441786869808439,0.0000000000000000,-30.5390490776970580,0.0000000000000000,0.0000000000000000,0.0604825805444174,50.9684172061465830,0.0000000000000000,0.0000000000000000,0.0000000000000000,0.0000000000000000,0.0000000000000000,0.0000000000000000,0.0000000000000000,0.0000000000000000,0.0000000000000000,0.0000000000000000,-23.6651626853473118
0.0000000000000000,26.8318653706484049,21.1564342516749910,-48.7274957351896205,22.8646555457344078,0.0000000000000000,-35.1783600331069053,36.0235800818799916,26.5419470901676569,-16.2816200841359660,34.5063528165524502,0.0000000000000000,-30.8629828767512677,0.0000000000000000,0.0000000000000000,0.0611241313681692,51.5090493972590622,0.0000000000000000,0.0000000000000000,0.0000000000000000,0.0000000000000000,0.0000000000000000,0.0000000000000000,0.0000000000000000,0.0000000000000000,0.0000000000000000,0.0000000000000000,-23.9161837971834039
0.0000000000000000,563.9449169917061226,444.6602348770289268,-1024.1413766057205521,480.5631697857443214,0.0000000000000000,-739.3692929928193962,757.1339002484327239,557.8514926858825902,-342.2027041356113841,725.2452263756622415,0.0000000000000000,-648.6698586221082223,0.0000000000000000,0.0000000000000000,1.2846905242868303,1082.6033220349668227,0.0000000000000000,0.0000000000000000,0.0000000000000000,0.0000000000000000,0.0000000000000000,0.0000000000000000,0.0000000000000000,0.0000000000000000,0.0000000000000000,0.0000000000000000,-502.6639072591266313
0.0000000000000000,0.0000000000000000,0.0000000000000000,0.0000000000000000,0.0000000000000000,0.0000000000000000,0.0000000000000000,0.0000000000000000,0.0000000000000000,0.0000000000000000,0.0000000000000000,0.0000000000000000,0.0000000000000000,0.0000000000000000,0.0000000000000000,0.0000000000000000,0.0000000000000000,0.0000000000000000,0.0000000000000000,0.0000000000000000,0.0000000000000000,0.0000000000000000,0.0000000000000000,0.0000000000000000,0.0000000000000000,0.0000000000000000,0.0000000000000000,0.0000000000000000
496.2835055513315865,0.0000000000000000,0.0000000000000000,-366.7294451523968633,-105.2366464642500290,0.0000000000000000,126.2130355583094286,0.0000000000000000,0.0000000000000000,-285.2011277423047204,0.0000000000000000,-53.2582246205671197,0.0000000000000000,138.9056166641050822,101.1848477809929392,103.6262158827972684,0.0000000000000000,798.2290776254048978,0.0000000000000000,-13.6880707615596009,501.0333546710514838,0.0000000000000000,0.0000000000000000,617.4472092850478475,0.0000000000000000,0.0000000000000000,-637.3058930715584438,0.0000000000000000
110.3685784308633799,0.0000000000000000,0.0000000000000000,-81.5570275406279137,-23.4035968134533867,0.0000000000000000,28.0685397725228611,0.0000000000000000,0.0000000000000000,-63.4259303073724467,0.0000000000000000,-11.8441061920717488,0.0000000000000000,30.8912451769848815,22.5025165725085721,23.0454528655922282,0.0000000000000000,177.5183087373088711,0.0000000000000000,-3.0440925287978189,111.4248982344445693,0.0000000000000000,0.0000000000000000,137.3141963869801998,0.0000000000000000,0.0000000000000000,-141.7305726608406644,0.0000000000000000
108.3584016789951789,0.0000000000000000,0.0000000000000000,-80.0716043971528819,-22.9773399304405217,0.0000000000000000,27.5573188533827462,0.0000000000000000,0.0000000000000000,-62.2707343957991242,0.0000000000000000,-11.6283858552471244,0.0000000000000000,30.3286134590278209,22.0926713401454471,22.6257189680889006,0.0000000000000000,174.2851133629729361,0.0000000000000000,-2.9886495384202796,109.3954824061844704,0.0000000000000000,0.0000000000000000,134.8132508352398418,0.0000000000000000,0.0000000000000000,-139.1491902942076138,0.0000000000000000
631.5583998681501043,0.0000000000000000,0.0000000000000000,-466.6910323922225530,-133.9216139666313268,0.0000000000000000,160.6156599767612931,0.0000000000000000,0.0000000000000000,-362.9400652302991830,0.0000000000000000,-67.7751300314067748,0.0000000000000000,176.7679320625881019,128.7653928463204238,131.8722189137146472,0.0000000000000000,1015.8070404400878033,0.0000000000000000,-17.4191081725532797,637.6029431102891749,0.0000000000000000,0.0000000000000000,785.7484021475016789,0.0000000000000000,0.0000000000000000,-811.0200833849492028,0.0000000000000000
0.0000000000000000,0.0000000000000000,0.0000000000000000,0.0000000000000000,0.0000000000000000,0.0000000000000000,0.0000000000000000,0.0000000000000000,0.0000000000000000,0.0000000000000000,0.0000000000000000,0.0000000000000000,0.0000000000000000,0.0000000000000000,0.0000000000000000,0.0000000000000000,0.0000000000000000,0.0000000000000000,0.0000000000000000,0.0000000000000000,0.0000000000000000,0.0000000000000000,0.0000000000000000,0.0000000000000000,0.0000000000000000,0.0000000000000000,0.0000000000000000,0.0000000000000000
249.6479550502797338,0.0000000000000000,0.0000000000000000,-184.4777330193780926,-52.9377126023220086,0.0000000000000000,63.4895697224842905,0.0000000000000000,0.0000000000000000,-143.4661388550533445,0.0000000000000000,-26.7907490726746005,0.0000000000000000,69.8743817944703665,50.8995161999918011,52.1276097137251355,0.0000000000000000,401.5371348468920587,0.0000000000000000,-6.8855781745368390,252.0372952283662755,0.0000000000000000,0.0000000000000000,310.5975343231930310,0.0000000000000000,0.0000000000000000,-320.5871465948822561,0.0000000000000000
589.6731485648909938,0.0000000000000000,0.0000000000000000,-435.7398627508931668,-125.0398692901271858,0.0000000000000000,149.9635535638469719,0.0000000000000000,0.0000000000000000,-338.8697087227046154,0.0000000000000000,-63.2802514040791948,0.0000000000000000,165.0445993377843479,120.2256111893002810,123.1263910848512069,0.0000000000000000,948.4382378505956694,0.0000000000000000,-16.2638646931880260,595.3168148449577757,0.0000000000000000,0.0000000000000000,733.6371970840376662,0.0000000000000000,0.0000000000000000,-757.2328484884446880,0.0000000000000000
584.9259926977244959,0.0000000000000000,0.0000000000000000,-432.2319447609855274,-124.0332374796488040,0.0000000000000000,148.7562739634541913,0.0000000000000000,0.0000000000000000,-336.1416426239123325,0.0000000000000000,-62.7708145788486149,0.0000000000000000,163.7159099782683711,119.2577364998558380,122.1351637053037109,0.0000000000000000,940.8028483871019034,0.0000000000000000,-16.1329326660320049,590.5242247172030829,0.0000000000000000,0.0000000000000000,727.7310605523250615,0.0000000000000000,0.0000000000000000,-751.1367554778306612,0.0000000000000000
15.1518834858472857,0.0000000000000000,0.0000000000000000,-11.1965071609735478,-3.2129486227760458,0.0000000000000000,3.8533724933092799,0.0000000000000000,0.0000000000000000,-8.7073904517197072,0.0000000000000000,-1.6260109495628816,0.0000000000000000,4.2408858962301252,3.0892443673049343,3.1637810476717521,0.0000000000000000,24.3704935664933302,0.0000000000000000,-0.4179064002838038,15.2968997107113331,0.0000000000000000,0.0000000000000000,18.8510963372748073,0.0000000000000000,0.0000000000000000,-19.4573958808818865,0.0000000000000000
206.3329258013378649,0.0000000000000000,0.0000000000000000,-152.4700268080313492,-43.7527842928558215,0.0000000000000000,52.4738473266077676,0.0000000000000000,0.0000000000000000,-118.5741264230355227,0.0000000000000000,-22.1424350920924411,0.0000000000000000,57.7508661399173207,42.0682240209086658,43.0832378542693704,0.0000000000000000,331.8686581436620031,0.0000000000000000,-5.6908997724410995,208.3077048440101748,0.0000000000000000,0.0000000000000000,256.7074823051472663,0.0000000000000000,0.0000000000000000,-264.9638524693789918,0.0000000000000000
0.0000000000000000,0.0000000000000000,0.0000000000000000,0.0000000000000000,0.0000000000000000,0.0000000000000000,0.0000000000000000,0.0000000000000000,0.0000000000000000,0.0000000000000000,0.0000000000000000,0.0000000000000000,0.0000000000000000,0.0000000000000000,0.0000000000000000,0.0000000000000000,0.0000000000000000,0.0000000000000000,0.0000000000000000,0.0000000000000000,0.0000000000000000,0.0000000000000000,0.0000000000000000,0.0000000000000000,0.0000000000000000,0.0000000000000000,0.0000000000000000,0.0000000000000000
65.9078372157642889,0.0000000000000000,0.0000000000000000,-48.7026957433944858,-13.9757209069309507,0.0000000000000000,16.7614440315589661,0.0000000000000000,0.0000000000000000,-37.8755072266813571,0.0000000000000000,-7.0728411471049561,0.0000000000000000,18.4470542926522327,13.4376307123948884,13.7618512227234042,0.0000000000000000,106.0070534695281310,0.0000000000000000,-1.8178140709079482,66.5386304601099141,0.0000000000000000,0.0000000000000000,81.9987158623746666,0.0000000000000000,0.0000000000000000,-84.6360045968988146,0.0000000000000000
0.0000000000000000,0.0000000000000000,0.0000000000000000,0.0000000000000000,0.0000000000000000,0.0000000000000000,0.0000000000000000,0.0000000000000000,0.0000000000000000,0.0000000000000000,0.0000000000000000,0.0000000000000000,0.0000000000000000,0.0000000000000000,0.0000000000000000,0.0000000000000000,0.0000000000000000,0.0000000000000000,0.0000000000000000,0.0000000000000000,0.0000000000000000,0.0000000000000000,0.0000000000000000,0.0000000000000000,0.0000000000000000,0.0000000000000000,0.0000000000000000,0.0000000000000000
0.0000000000000000,0.0000000000000000,0.0000000000000000,0.0000000000000000,0.0000000000000000,0.0000000000000000,0.0000000000000000,0.0000000000000000,0.0000000000000000,0.0000000000000000,0.0000000000000000,0.0000000000000000,0.0000000000000000,0.0000000000000000,0.0000000000000000,0.0000000000000000,0.0000000000000000,0.0000000000000000,0.0000000000000000,0.0000000000000000,0.0000000000000000,0.0000000000000000,0.0000000000000000,0.0000000000000000,0.0000000000000000,0.0000000000000000,0.0000000000000000,0.0000000000000000
669.7870350660238046,0.0000000000000000,0.0000000000000000,-494.9401400458710896,-142.0279751938901711,0.0000000000000000,170.3378289378569548,0.0000000000000000,0.0000000000000000,-384.9090602674615411,0.0000000000000000,-71.8776021416661024,0.0000000000000000,187.4678084175126287,136.5596447005598861,139.8545289433793641,0.0000000000000000,1077.2944924136868394,0.0000000000000000,-18.4734979676060647,676.1974583892285864,0.0000000000000000,0.0000000000000000,833.3102571228769193,0.0000000000000000,0.0000000000000000,-860.1116494417777858,0.0000000000000000
421.0843756569751122,0.0000000000000000,0.0000000000000000,-311.1609346667145246,-89.2907120163176558,0.0000000000000000,107.0886634017807069,0.0000000000000000,0.0000000000000000,-241.9861580501632261,0.0000000000000000,-45.1882966330640272,0.0000000000000000,117.8580069939518467,85.8528602647635353,87.9243011879412819,0.0000000000000000,677.2777838137741355,0.0000000000000000,-11.6139921357585081,425.1145060737015910,0.0000000000000000,0.0000000000000000,523.8888049162535481,0.0000000000000000,0.0000000000000000,-540.7384107767635442,0.0000000000000000
0.0000000000000000,0.0000000000000000,0.0000000000000000,0.0000000000000000,0.0000000000000000,0.0000000000000000,0.0000000000000000,0.0000000000000000,0.0000000000000000,0.0000000000000000,0.0000000000000000,0.0000000000000000,0.0000000000000000,0.0000000000000000,0.0000000000000000,0.0000000000000000,0.0000000000000000,0.0000000000000000,0.0000000000000000,0.0000000000000000,0.0000000000000000,0.0000000000000000,0.0000000000000000,0.0000000000000000,0.0000000000000000,0.0000000000000000,0.0000000000000000,0.0000000000000000
0.0000000000000000,0.0000000000000000,0.0000000000000000,0.0000000000000000,0.0000000000000000,0.0000000000000000,0.0000000000000000,0.0000000000000000,0.0000000000000000,0.0000000000000000,0.0000000000000000,0.0000000000000000,0.0000000000000000,0.0000000000000000,0.0000000000000000,0.0000000000000000,0.0000000000000000,0.0000000000000000,0.0000000000000000,0.0000000000000000,0.0000000000000000,0.0000000000000000,0.0000000000000000,0.0000000000000000,0.0000000000000000,0.0000000000000000,0.0000000000000000,0.0000000000000000
0.0000000000000000,0.0000000000000000,0.0000000000000000,0.0000000000000000,0.0000000000000000,0.0000000000000000,0.0000000000000000,0.0000000000000000,0.0000000000000000,0.0000000000000000,0.0000000000000000,0.0000000000000000,0.0000000000000000,0.0000000000000000,0.0000000000000000,0.0000000000000000,0.0000000000000000,0.0000000000000000,0.0000000000000000,0.0000000000000000,0.0000000000000000,0.0000000000000000,0.0000000000000000,0.0000000000000000,0.0000000000000000,0.0000000000000000,0.0000000000000000,0.0000000000000000
0.0000000000000000,0.0000000000000000,0.0000000000000000,0.0000000000000000,0.0000000000000000,0.0000000000000000,0.0000000000000000,0.0000000000000000,0.0000000000000000,0.0000000000000000,0.0000000000000000,0.0000000000000000,0.0000000000000000,0.0000000000000000,0.0000000000000000,0.0000000000000000,0.0000000000000000,0.0000000000000000,0.0000000000000000,0.0000000000000000,0.0000000000000000,0.0000000000000000,0.0000000000000000,0.0000000000000000,0.0000000000000000,0.0000000000000000,0.0000000000000000,0.0000000000000000
0.0000000000000000,0.0000000000000000,0.0000000000000000,0.0000000000000000,0.0000000000000000,0.0000000000000000,0.0000000000000000,0.0000000000000000,0.0000000000000000,0.0000000000000000,0.0000000000000000,0.0000000000000000,0.0000000000000000,0.0000000000000000,0.0000000000000000,0.0000000000000000,0.0000000000000000,0.0000000000000000,0.0000000000000000,0.0000000000000000,0.0000000000000000,0.0000000000000000,0.0000000000000000,0.0000000000000000,0.0000000000000000,0.0000000000000000,0.0000000000000000,0.0000000000000000
0.0000000000000000,0.0000000000000000,0.0000000000000000,0.0000000000000000,0.0000000000000000,0.0000000000000000,0.0000000000000000,0.0000000000000000,0.0000000000000000,0.0000000000000000,0.0000000000000000,0.0000000000000000,0.0000000000000000,0.0000000000000000,0.0000000000000000,0.0000000000000000,0.0000000000000000,0.0000000000000000,0.0000000000000000,0.0000000000000000,0.0000000000000000,0.0000000000000000,0.0000000000000000,0.0000000000000000,0.0000000000000000,0.0000000000000000,0.0000000000000000,0.0000000000000000
0.0000000000000000,0.0000000000000000,0.0000000000000000,0.0000000000000000,0.0000000000000000,0.0000000000000000,0.0000000000000000,0.0000000000000000,0.0000000000000000,0.0000000000000000,0.0000000000000000,0.0000000000000000,0.0000000000000000,0.0000000000000000,0.0000000000000000,0.0000000000000000,0.0000000000000000,0.0000000000000000,0.0000000000000000,0.0000000000000000,0.0000000000000000,0.0000000000000000,0.0000000000000000,0.0000000000000000,0.0000000000000000,0.0000000000000000,0.0000000000000000,0.0000000000000000
0.0000000000000000,0.0000000000000000,0.0000000000000000,0.0000000000000000,0.0000000000000000,0.0000000000000000,0.0000000000000000,0.0000000000000000,0.0000000000000000,0.0000000000000000,0.0000000000000000,0.0000000000000000,0.0000000000000000,0.0000000000000000,0.0000000000000000,0.0000000000000000,0.0000000000000000,0.0000000000000000,0.0000000000000000,0.0000000000000000,0.0000000000000000,0.0000000000000000,0.0000000000000000,0.0000000000000000,0.0000000000000000,0.0000000000000000,0.0000000000000000,0.0000000000000000
0.0000000000000000,0.0000000000000000,0.0000000000000000,0.0000000000000000,0.0000000000000000,0.0000000000000000,0.0000000000000000,0.0000000000000000,0.0000000000000000,0.0000000000000000,0.0000000000000000,0.0000000000000000,0.0000000000000000,0.0000000000000000,0.0000000000000000,0.0000000000000000,0.0000000000000000,0.0000000000000000,0.0000000000000000,0.0000000000000000,0.0000000000000000,0.0000000000000000,0.0000000000000000,0.0000000000000000,0.0000000000000000,0.0000000000000000,0.0000000000000000,0.0000000000000000
0.0000000000000000,0.0000000000000000,0.0000000000000000,0.0000000000000000,0.0000000000000000,0.0000000000000000,0.0000000000000000,0.0000000000000000,0.0000000000000000,0.0000000000000000,0.0000000000000000,0.0000000000000000,0.0000000000000000,0.0000000000000000,0.0000000000000000,0.0000000000000000,0.0000000000000000,0.0000000000000000,0.0000000000000000,0.0000000000000000,0.0000000000000000,0.0000000000000000,0.0000000000000000,0.0000000000000000,0.0000000000000000,0.0000000000000000,0.0000000000000000,0.0000000000000000
207.3092484339169346,0.0000000000000000,0.0000000000000000,-153.1914818903188404,-43.9598129741851125,0.0000000000000000,52.7221421858237562,0.0000000000000000,0.0000000000000000,-119.1351934597941806,0.0000000000000000,-22.2472082902471442,0.0000000000000000,58.0241307070942298,42.2672817285648961,43.2870983871365738,0.0000000000000000,333.4389886216064838,0.0000000000000000,-5.7178278752923219,209.2933717025106262,0.0000000000000000,0.0000000000000000,257.9221664082953112,0.0000000000000000,0.0000000000000000,-266.2176039245891275,0.0000000000000000
0.0000000000000000,951.3600267120388025,0.0000000000000000,35.5665806771588535,-757.9856669745614681,0.0000000000000000,0.0000000000000000,0.0000000000000000,1237.5390912104990093,0.0000000000000000,0.0000000000000000,323.1265593167764223,284.0622009148275993,0.0000000000000000,88.8978071153536291,-95.6783840996830861,-480.8740562625014263,0.0000000000000000,0.0000000000000000,933.1210576882731402,0.0000000000000000,-280.2397030849922430,278.5086647321592181,0.0000000000000000,-662.7627047239520834,0.0000000000000000,0.0000000000000000,0.0000000000000000
0.0000000000000000,0.0000000000000000,0.0000000000000000,0.0000000000000000,0.0000000000000000,0.0000000000000000,0.0000000000000000,0.0000000000000000,0.0000000000000000,0.0000000000000000,0.0000000000000000,0.0000000000000000,0.0000000000000000,0.0000000000000000,0.0000000000000000,0.0000000000000000,0.0000000000000000,0.0000000000000000,0.0000000000000000,0.0000000000000000,0.0000000000000000,0.0000000000000000,0.0000000000000000,0.0000000000000000,0.0000000000000000,0.0000000000000000,0.0000000000000000,0.0000000000000000
0.0000000000000000,0.0000000000000000,0.0000000000000000,0.0000000000000000,0.0000000000000000,0.0000000000000000,0.0000000000000000,0.0000000000000000,0.0000000000000000,0.0000000000000000,0.0000000000000000,0.0000000000000000,0.0000000000000000,0.0000000000000000,0.0000000000000000,0.0000000000000000,0.0000000000000000,0.0000000000000000,0.0000000000000000,0.0000000000000000,0.0000000000000000,0.0000000000000000,0.0000000000000000,0.0000000000000000,0.0000000000000000,0.0000000000000000,0.0000000000000000,0.0000000000000000
0.0000000000000000,510.5844345100591681,0.0000000000000000,19.0881916126587612,-406.8025482177210961,0.0000000000000000,0.0000000000000000,0.0000000000000000,664.1735823750997270,0.0000000000000000,0.0000000000000000,173.4184608682062958,152.4530505249834675,0.0000000000000000,47.7104726924961682,-51.3495335821583865,-258.0798028017890147,0.0000000000000000,0.0000000000000000,500.7957809787241104,0.0000000000000000,-150.4015580951326569,149.4725289014728560,0.0000000000000000,-355.6974345194592502,0.0000000000000000,0.0000000000000000,0.0000000000000000
0.0000000000000000,236.0248480830007907,0.0000000000000000,8.8237854917769418,-188.0502090413286851,0.0000000000000000,0.0000000000000000,0.0000000000000000,307.0235954827896876,0.0000000000000000,0.0000000000000000,80.1651266954159638,70.4735703987473698,0.0000000000000000,22.0548381581983222,-23.7370453223699016,-119.3010247326350566,0.0000000000000000,0.0000000000000000,231.4999050833430942,0.0000000000000000,-69.5252391211525236,69.0957822880067170,0.0000000000000000,-164.4261502537333968,0.0000000000000000,0.0000000000000000,0.0000000000000000
0.0000000000000000,0.0000000000000000,0.0000000000000000,0.0000000000000000,0.0000000000000000,0.0000000000000000,0.0000000000000000,0.0000000000000000,0.0000000000000000,0.0000000000000000,0.0000000000000000,0.0000000000000000,0.0000000000000000,0.0000000000000000,0.0000000000000000,0.0000000000000000,0.0000000000000000,0.0000000000000000,0.0000000000000000,0.0000000000000000,0.0000000000000000,0.0000000000000000,0.0000000000000000,0.0000000000000000,0.0000000000000000,0.0000000000000000,0.0000000000000000,0.0000000000000000
0.0000000000000000,1087.9560709458867223,0.0000000000000000,40.6732217919998362,-866.8170670624056129,0.0000000000000000,0.0000000000000000,0.0000000000000000,1415.2246568194814245,0.0000000000000000,0.0000000000000000,369.5209931276109501,324.8477835248384054,0.0000000000000000,101.6617329184885534,-109.4158635183545698,-549.9178378129579414,0.0000000000000000,0.0000000000000000,1067.0983551284803070,0.0000000000000000,-320.4764523742964002,318.4968719503493730,0.0000000000000000,-757.9220147528774305,0.0000000000000000,0.0000000000000000,0.0000000000000000
0.0000000000000000,0.0000000000000000,0.0000000000000000,0.0000000000000000,0.0000000000000000,0.0000000000000000,0.0000000000000000,0.0000000000000000,0.0000000000000000,0.0000000000000000,0.0000000000000000,0.0000000000000000,0.0000000000000000,0.0000000000000000,0.0000000000000000,0.0000000000000000,0.0000000000000000,0.0000000000000000,0.0000000000000000,0.0000000000000000,0.0000000000000000,0.0000000000000000,0.0000000000000000,0.0000000000000000,0.0000000000000000,0.0000000000000000,0.0000000000000000,0.0000000000000000
0.0000000000000000,0.0000000000000000,0.0000000000000000,0.0000000000000000,0.0000000000000000,0.0000000000000000,0.0000000000000000,0.0000000000000000,0.0000000000000000,0.0000000000000000,0.0000000000000000,0.0000000000000000,0.0000000000000000,0.0000000000000000,0.0000000000000000,0.0000000000000000,0.0000000000000000,0.0000000000000000,0.0000000000000000,0.0000000000000000,0.0000000000000000,0.0000000000000000,0.0000000000000000,0.0000000000000000,0.0000000000000000,0.0000000000000000,0.0000000000000000,0.0000000000000000
0.0000000000000000,142.2870506493230494,0.0000000000000000,5.3193993064057068,-113.3656470316628599,0.0000000000000000,0.0000000000000000,0.0000000000000000,185.0884863852744502,0.0000000000000000,0.0000000000000000,48.3273669491308766,42.4848339579861687,0.0000000000000000,13.2957097507573963,-14.3098245692402486,-71.9203553630892998,0.0000000000000000,0.0000000000000000,139.5591989040221108,0.0000000000000000,-41.9131345728433686,41.6542374835503537,0.0000000000000000,-99.1239361416675848,0.0000000000000000,0.0000000000000000,0.0000000000000000
0.0000000000000000,0.0000000000000000,0.0000000000000000,0.0000000000000000,0.0000000000000000,0.0000000000000000,0.0000000000000000,0.0000000000000000,0.0000000000000000,0.0000000000000000,0.0000000000000000,0.0000000000000000,0.0000000000000000,0.0000000000000000,0.0000000000000000,0.0000000000000000,0.0000000000000000,0.0000000000000000,0.0000000000000000,0.0000000000000000,0.0000000000000000,0.0000000000000000,0.0000000000000000,0.0000000000000000,0.0000000000000000,0.0000000000000000,0.0000000000000000,0.0000000000000000
0.0000000000000000,650.4348274477760015,0.0000000000000000,24.3164965061722285,-518.2268149423892964,0.0000000000000000,0.0000000000000000,0.0000000000000000,846.0924388775274565,0.0000000000000000,0.0000000000000000,220.9182243859578136,194.2103340993077154,0.0000000000000000,60.7784941641893965,-65.4143032133051747,-328.7685261385117883,0.0000000000000000,0.0000000000000000,637.9650364783167333,0.0000000000000000,-191.5969326040176099,190.4134399191066507,0.0000000000000000,-453.1238788493130301,0.0000000000000000,0.0000000000000000,0.0000000000000000
0.0000000000000000,0.0000000000000000,0.0000000000000000,0.0000000000000000,0.0000000000000000,0.0000000000000000,0.0000000000000000,0.0000000000000000,0.0000000000000000,0.0000000000000000,0.0000000000000000,0.0000000000000000,0.0000000000000000,0.0000000000000000,0.0000000000000000,0.0000000000000000,0.0000000000000000,0.0000000000000000,0.0000000000000000,0.0000000000000000,0.0000000000000000,0.0000000000000000,0.0000000000000000,0.0000000000000000,0.0000000000000000,0.0000000000000000,0.0000000000000000,0.0000000000000000
0.0000000000000000,852.7257167963396114,0.0000000000000000,31.8791384442990449,-679.3998623487208306,0.0000000000000000,0.0000000000000000,0.0000000000000000,1109.2345473701304854,0.0000000000000000,0.0000000000000000,289.6257138967791320,254.6114374039812560,0.0000000000000000,79.6811345501357096,-85.7587205395722663,-431.0183976642119319,0.0000000000000000,0.0000000000000000,836.3777123629722610,0.0000000000000000,-251.1852453101595017,249.6336761052571660,0.0000000000000000,-594.0493468122934928,0.0000000000000000,0.0000000000000000,0.0000000000000000
0.0000000000000000,848.6769363149096534,0.0000000000000000,31.7277748452475237,-676.1740409062784920,0.0000000000000000,0.0000000000000000,0.0000000000000000,1103.9678512962832428,0.0000000000000000,0.0000000000000000,288.2505578363392260,253.4025307206188700,0.0000000000000000,79.3028048997566515,-85.3515342345344550,-428.9719027113491165,0.0000000000000000,0.0000000000000000,832.4065529500248886,0.0000000000000000,-249.9926063426662495,248.4484040589071014,0.0000000000000000,-591.2287734989707815,0.0000000000000000,0.0000000000000000,0.0000000000000000
0.0000000000000000,183.4377541419542013,0.0000000000000000,6.8578177543099876,-146.1520187075201704,0.0000000000000000,0.0000000000000000,0.0000000000000000,238.6177526704531431,0.0000000000000000,0.0000000000000000,62.3040790872197974,54.7718326494378758,0.0000000000000000,17.1409494066550998,-18.4483554137066363,-92.7203733909085486,0.0000000000000000,0.0000000000000000,179.9209829705321226,0.0000000000000000,-54.0347926252307929,53.7010201533363158,0.0000000000000000,-127.7914760658825628,0.0000000000000000,0.0000000000000000,0.0000000000000000
0.0000000000000000,0.0000000000000000,0.0000000000000000,0.0000000000000000,0.0000000000000000,0.0000000000000000,0.0000000000000000,0.0000000000000000,0.0000000000000000,0.0000000000000000,0.0000000000000000,0.0000000000000000,0.0000000000000000,0.0000000000000000,0.0000000000000000,0.0000000000000000,0.0000000000000000,0.0000000000000000,0.0000000000000000,0.0000000000000000,0.0000000000000000,0.0000000000000000,0.0000000000000000,0.0000000000000000,0.0000000000000000,0.0000000000000000,0.0000000000000000,0.0000000000000000
0.0000000000000000,1462.4461494103793484,0.0000000000000000,54.6735278953951820,-1165.1879297538896481,0.0000000000000000,0.0000000000000000,0.0000000000000000,1902.3652748376634918,0.0000000000000000,0.0000000000000000,496.7154170626919267,436.6650482012207704,0.0000000000000000,136.6551589898015493,-147.0783725189471625,-739.2074421740533126,0.0000000000000000,0.0000000000000000,1434.4089087558536448,0.0000000000000000,-430.7890421935978225,428.1280618049940472,0.0000000000000000,-1018.8096391291090868,0.0000000000000000,0.0000000000000000,0.0000000000000000
0.0000000000000000,0.0000000000000000,0.0000000000000000,0.0000000000000000,0.0000000000000000,0.0000000000000000,0.0000000000000000,0.0000000000000000,0.0000000000000000,0.0000000000000000,0.0000000000000000,0.0000000000000000,0.0000000000000000,0.0000000000000000,0.0000000000000000,0.0000000000000000,0.0000000000000000,0.0000000000000000,0.0000000000000000,0.0000000000000000,0.0000000000000000,0.0000000000000000,0.0000000000000000,0.0000000000000000,0.0000000000000000,0.0000000000000000,0.0000000000000000,0.0000000000000000
0.0000000000000000,645.9800475496351737,0.0000000000000000,24.1499546248680730,-514.6775179175951962,0.0000000000000000,0.0000000000000000,0.0000000000000000,840.2976145083125630,0.0000000000000000,0.0000000000000000,219.4051718500271022,192.8802019233422982,0.0000000000000000,60.3622267648800630,-64.9662855016015044,-326.5168148838575917,0.0000000000000000,0.0000000000000000,633.5956612537891033,0.0000000000000000,-190.2846994210884191,189.1093123898107535,0.0000000000000000,-450.0204670059065393,0.0000000000000000,0.0000000000000000,0.0000000000000000
0.0000000000000000,728.0844048870728784,0.0000000000000000,27.2194248224761708,-580.0932641236029212,0.0000000000000000,0.0000000000000000,0.0000000000000000,947.0998228320700036,0.0000000000000000,0.0000000000000000,247.2916688085456087,217.3953631610652337,0.0000000000000000,68.0342931929168344,-73.2235298854532459,-368.0172503038020295,0.0000000000000000,0.0000000000000000,714.1259574701502970,0.0000000000000000,-214.4699711123406303,213.1451918557274325,0.0000000000000000,-507.2182726848420202,0.0000000000000000,0.0000000000000000,0.0000000000000000
0.0000000000000000,0.0000000000000000,0.0000000000000000,0.0000000000000000,0.0000000000000000,0.0000000000000000,0.0000000000000000,0.0000000000000000,0.0000000000000000,0.0000000000000000,0.0000000000000000,0.0000000000000000,0.0000000000000000,0.0000000000000000,0.0000000000000000,0.0000000000000000,0.0000000000000000,0.0000000000000000,0.0000000000000000,0.0000000000000000,0.0000000000000000,0.0000000000000000,0.0000000000000000,0.0000000000000000,0.0000000000000000,0.0000000000000000,0.0000000000000000,0.0000000000000000
0.0000000000000000,0.0000000000000000,0.0000000000000000,0.0000000000000000,0.0000000000000000,0.0000000000000000,0.0000000000000000,0.0000000000000000,0.0000000000000000,0.0000000000000000,0.0000000000000000,0.0000000000000000,0.0000000000000000,0.0000000000000000,0.0000000000000000,0.0000000000000000,0.0000000000000000,0.0000000000000000,0.0000000000000000,0.0000000000000000,0.0000000000000000,0.0000000000000000,0.0000000000000000,0.0000000000000000,0.0000000000000000,0.0000000000000000,0.0000000000000000,0.0000000000000000
0.0000000000000000,1048.9486585930380897,0.0000000000000000,39.2149302519930387,-835.7383390950225248,0.0000000000000000,0.0000000000000000,0.0000000000000000,1364.4834061065917012,0.0000000000000000,0.0000000000000000,356.2722433509484858,313.2007402459259993,0.0000000000000000,98.0167685285119319,-105.4928837031008584,-530.2011668621655645,0.0000000000000000,0.0000000000000000,1028.8387721626406801,0.0000000000000000,-308.9861381410445347,307.0775332940943940,0.0000000000000000,-730.7475935144690311,0.0000000000000000,0.0000000000000000,0.0000000000000000
0.0000000000000000,0.0000000000000000,0.0000000000000000,0.0000000000000000,0.0000000000000000,0.0000000000000000,0.0000000000000000,0.0000000000000000,0.0000000000000000,0.0000000000000000,0.0000000000000000,0.0000000000000000,0.0000000000000000,0.0000000000000000,0.0000000000000000,0.0000000000000000,0.0000000000000000,0.0000000000000000,0.0000000000000000,0.0000000000000000,0.0000000000000000,0.0000000000000000,0.0000000000000000,0.0000000000000000,0.0000000000000000,0.0000000000000000,0.0000000000000000,0.0000000000000000
0.0000000000000000,0.0000000000000000,0.0000000000000000,0.0000000000000000,0.0000000000000000,0.0000000000000000,0.0000000000000000,0.0000000000000000,0.0000000000000000,0.0000000000000000,0.0000000000000000,0.0000000000000000,0.0000000000000000,0.0000000000000000,0.0000000000000000,0.0000000000000000,0.0000000000000000,0.0000000000000000,0.0000000000000000,0.0000000000000000,0.0000000000000000,0.0000000000000000,0.0000000000000000,0.0000000000000000,0.0000000000000000,0.0000000000000000,0.0000000000000000,0.0000000000000000
0.0000000000000000,651.5373469983451287,0.0000000000000000,24.3577141834368547,-519.1052353021125327,0.0000000000000000,0.0000000000000000,0.0000000000000000,847.5266078612387446,0.0000000000000000,0.0000000000000000,221.2926918209478231,194.5395303250190864,0.0000000000000000,60.8815167503770027,-65.5251837275951345,-329.3258052268746496,0.0000000000000000,0.0000000000000000,639.0464191097739786,0.0000000000000000,-191.9216989835392724,190.7362002193594606,0.0000000000000000,-453.8919464775815413,0.0000000000000000,0.0000000000000000,0.0000000000000000
0.0000000000000000,0.0000000000000000,0.0000000000000000,0.0000000000000000,0.0000000000000000,0.0000000000000000,0.0000000000000000,0.0000000000000000,0.0000000000000000,0.0000000000000000,0.0000000000000000,0.0000000000000000,0.0000000000000000,0.0000000000000000,0.0000000000000000,0.0000000000000000,0.0000000000000000,0.0000000000000000,0.0000000000000000,0.0000000000000000,0.0000000000000000,0.0000000000000000,0.0000000000000000,0.0000000000000000,0.0000000000000000,0.0000000000000000,0.0000000000000000,0.0000000000000000
0.0000000000000000,0.0000000000000000,0.0000000000000000,0.0000000000000000,0.0000000000000000,0.0000000000000000,0.0000000000000000,0.0000000000000000,0.0000000000000000,0.0000000000000000,0.0000000000000000,0.0000000000000000,0.0000000000000000,0.0000000000000000,0.0000000000000000,0.0000000000000000,0.0000000000000000,0.0000000000000000,0.0000000000000000,0.0000000000000000,0.0000000000000000,0.0000000000000000,0.0000000000000000,0.0000000000000000,0.0000000000000000,0.0000000000000000,0.0000000000000000,0.0000000000000000
201.7198450291175504,0.0000000000000000,-169.3526702088587399,0.0000000000000000,-44.1090587947406476,188.5263667517958766,0.0000000000000000,0.6504919772195947,0.0000000000000000,-29.3828803431433272,0.0000000000000000,261.2740164592563588,-87.4170516093880678,0.0000000000000000,-186.4103949654447661,-23.1891890098765288,-292.8213650838399076,0.0000000000000000,39.3657548937765327,0.0000000000000000,0.0000000000000000,539.9282740728478984,534.5039586965006038,25.1127823957862901,-353.4890433223865784,-200.2449756561625236,0.0000000000000000,101.6703245074116495
0.0000000000000000,0.0000000000000000,0.0000000000000000,0.0000000000000000,0.0000000000000000,0.0000000000000000,0.0000000000000000,0.0000000000000000,0.0000000000000000,0.0000000000000000,0.0000000000000000,0.0000000000000000,0.0000000000000000,0.0000000000000000,0.0000000000000000,0.0000000000000000,0.0000000000000000,0.0000000000000000,0.0000000000000000,0.0000000000000000,0.0000000000000000,0.0000000000000000,0.0000000000000000,0.0000000000000000,0.0000000000000000,0.0000000000000000,0.0000000000000000,0.0000000000000000
905.3124060472960082,0.0000000000000000,-760.0495296592428076,0.0000000000000000,-197.9600873686185309,846.1004848719119309,0.0000000000000000,2.9193878119732233,0.0000000000000000,-131.8694553637554350,0.0000000000000000,1172.5896797324392082,-392.3250154719889906,0.0000000000000000,-836.6040691436862744,-104.0723608219433913,-1314.1732015897557631,0.0000000000000000,176.6722866240983194,0.0000000000000000,0.0000000000000000,2423.1813425362120142,2398.8371834188410503,112.7053882576092860,-1586.4478592840141573,-898.6932380599190537,0.0000000000000000,456.2932620245076123
248.6563203985439827,0.0000000000000000,-208.7579029109625424,0.0000000000000000,-54.3724205943151304,232.3929638546036927,0.0000000000000000,0.8018494237929303,0.0000000000000000,-36.2197329062100835,0.0000000000000000,322.0676455463739103,-107.7573819776751520,0.0000000000000000,-229.7846445869319325,-28.5848842060627675,-360.9554784523862168,0.0000000000000000,48.5254376443949127,0.0000000000000000,0.0000000000000000,665.5595927644673111,658.8731395700924622,30.9560621792277715,-435.7394028389149980,-246.8382762130818833,0.0000000000000000,125.3271277404048760
0.0000000000000000,0.0000000000000000,0.0000000000000000,0.0000000000000000,0.0000000000000000,0.0000000000000000,0.0000000000000000,0.0000000000000000,0.0000000000000000,0.0000000000000000,0.0000000000000000,0.0000000000000000,0.0000000000000000,0.0000000000000000,0.0000000000000000,0.0000000000000000,0.0000000000000000,0.0000000000000000,0.0000000000000000,0.0000000000000000,0.0000000000000000,0.0000000000000000,0.0000000000000000,0.0000000000000000,0.0000000000000000,0.0000000000000000,0.0000000000000000,0.0000000000000000
0.0000000000000000,0.0000000000000000,0.0000000000000000,0.0000000000000000,0.0000000000000000,0.0000000000000000,0.0000000000000000,0.0000000000000000,0.0000000000000000,0.0000000000000000,0.0000000000000000,0.0000000000000000,0.0000000000000000,0.0000000000000000,0.0000000000000000,0.0000000000000000,0.0000000000000000,0.0000000000000000,0.0000000000000000,0.0000000000000000,0.0000000000000000,0.0000000000000000,0.0000000000000000,0.0000000000000000,0.0000000000000000,0.0000000000000000,0.0000000000000000,0.0000000000000000
0.0000000000000000,0.0000000000000000,0.0000000000000000,0.0000000000000000,0.0000000000000000,0.0000000000000000,0.0000000000000000,0.0000000000000000,0.0000000000000000,0.0000000000000000,0.0000000000000000,0.0000000000000000,0.0000000000000000,0.0000000000000000,0.0000000000000000,0.0000000000000000,0.0000000000000000,0.0000000000000000,0.0000000000000000,0.0000000000000000,0.0000000000000000,0.0000000000000000,0.0000000000000000,0.0000000000000000,0.0000000000000000,0.0000000000000000,0.0000000000000000,0.0000000000000000
786.1718166399801930,0.0000000000000000,-660.0257717415537400,0.0000000000000000,-171.9082169527515305,734.7522808794560660,0.0000000000000000,2.5351916137286423,0.0000000000000000,-114.5152199286577570,0.0000000000000000,1018.2749651178246495,-340.6944034640882251,0.0000000000000000,-726.5056089518900535,-90.3762683719638744,-1141.2258645436279494,0.0000000000000000,153.4219255114796567,0.0000000000000000,0.0000000000000000,2104.2867250957297074,2083.1462970290936028,97.8731753146548158,-1377.6687331431123766,-780.4237419571181817,0.0000000000000000,396.2443244234619328
0.0000000000000000,0.0000000000000000,0.0000000000000000,0.0000000000000000,0.0000000000000000,0.0000000000000000,0.0000000000000000,0.0000000000000000,0.0000000000000000,0.0000000000000000,0.0000000000000000,0.0000000000000000,0.0000000000000000,0.0000000000000000,0.0000000000000000,0.0000000000000000,0.0000000000000000,0.0000000000000000,0.0000000000000000,0.0000000000000000,0.0000000000000000,0.0000000000000000,0.0000000000000000,0.0000000000000000,0.0000000000000000,0.0000000000000000,0.0000000000000000,0.0000000000000000
0.0000000000000000,0.0000000000000000,0.0000000000000000,0.0000000000000000,0.0000000000000000,0.0000000000000000,0.0000000000000000,0.0000000000000000,0.0000000000000000,0.0000000000000000,0.0000000000000000,0.0000000000000000,0.0000000000000000,0.0000000000000000,0.0000000000000000,0.0000000000000000,0.0000000000000000,0.0000000000000000,0.0000000000000000,0.0000000000000000,0.0000000000000000,0.0000000000000000,0.0000000000000000,0.0000000000000000,0.0000000000000000,0.0000000000000000,0.0000000000000000,0.0000000000000000
387.6085366487026249,0.0000000000000000,-325.4143917656232929,0.0000000000000000,-84.7563993017797230,362.2570160403018349,0.0000000000000000,1.2499327637070650,0.0000000000000000,-56.4597660219585578,0.0000000000000000,502.0430150017374444,-167.9735350161906524,0.0000000000000000,-358.1911358212330470,-44.5584697771852092,-562.6618481847403928,0.0000000000000000,75.6420502219090878,0.0000000000000000,0.0000000000000000,1037.4824954799428269,1027.0595698374829681,48.2546912238752057,-679.2359511468116580,-384.7745469670401235,0.0000000000000000,195.3614712386285817
445.7510122803322474,0.0000000000000000,-374.2275538982268586,0.0000000000000000,-97.4701205310278169,416.5966854129593457,0.0000000000000000,1.4374265322482955,0.0000000000000000,-64.9289050106966101,0.0000000000000000,577.3510152283265597,-193.1700831904870199,0.0000000000000000,-411.9209106244823033,-51.2423776332981049,-647.0628602981006452,0.0000000000000000,86.9885909864120777,0.0000000000000000,0.0000000000000000,1193.1080687277160450,1181.1216721013179267,55.4930436937507352,-781.1234381437069487,-442.4919154082269870,0.0000000000000000,224.6662942929928022
0.0000000000000000,0.0000000000000000,0.0000000000000000,0.0000000000000000,0.0000000000000000,0.0000000000000000,0.0000000000000000,0.0000000000000000,0.0000000000000000,0.0000000000000000,0.0000000000000000,0.0000000000000000,0.0000000000000000,0.0000000000000000,0.0000000000000000,0.0000000000000000,0.0000000000000000,0.0000000000000000,0.0000000000000000,0.0000000000000000,0.0000000000000000,0.0000000000000000,0.0000000000000000,0.0000000000000000,0.0000000000000000,0.0000000000000000,0.0000000000000000,0.0000000000000000
423.2041472386812302,0.0000000000000000,-355.2984703512352098,0.0000000000000000,-92.5399115294508476,395.5244971642920291,0.0000000000000000,1.3647189866970422,0.0000000000000000,-61.6446875479268499,0.0000000000000000,548.1475920988539201,-183.3992028653935051,0.0000000000000000,-391.0852312343852759,-48.6504486391252584,-614.3332902406559697,0.0000000000000000,82.5885560631025868,0.0000000000000000,0.0000000000000000,1132.7585779478929453,1121.3784742061448014,52.6861085832443052,-741.6128498208686324,-420.1099011808390742,0.0000000000000000,213.3022805784344200
554.5294265887365555,0.0000000000000000,-465.5518106740272515,0.0000000000000000,-121.2561465000418082,518.2604519482986234,0.0000000000000000,1.7882075165985043,0.0000000000000000,-80.7737671316215540,0.0000000000000000,718.2443081332630754,-240.3101563757136887,0.0000000000000000,-512.4436290115476140,-63.7472613705830327,-804.9682154447132234,0.0000000000000000,108.2167670975934328,0.0000000000000000,0.0000000000000000,1484.2670346957897891,1469.3555494383620044,69.0352345847427813,-971.7441358864284666,-550.4749991844324768,0.0000000000000000,279.4925146905978295
193.2652577335874469,0.0000000000000000,-162.2546728164591912,0.0000000000000000,-42.2603369297700908,180.6247513952001782,0.0000000000000000,0.6232282183878723,0.0000000000000000,-28.1513697457632688,0.0000000000000000,250.3233636868943108,-83.7531825743769218,0.0000000000000000,-178.5974653213529848,-22.2172716322469270,-280.5484833912119029,0.0000000000000000,37.7158368544491083,0.0000000000000000,0.0000000000000000,517.2985188010505908,512.1015501582942306,24.0602423694533378,-338.6734262751340339,-191.8522038545980877,0.0000000000000000,97.4090648688832346
0.0000000000000000,0.0000000000000000,0.0000000000000000,0.0000000000000000,0.0000000000000000,0.0000000000000000,0.0000000000000000,0.0000000000000000,0.0000000000000000,0.0000000000000000,0.0000000000000000,0.0000000000000000,0.0000000000000000,0.0000000000000000,0.0000000000000000,0.0000000000000000,0.0000000000000000,0.0000000000000000,0.0000000000000000,0.0000000000000000,0.0000000000000000,0.0000000000000000,0.0000000000000000,0.0000000000000000,0.0000000000000000,0.0000000000000000,0.0000000000000000,0.0000000000000000
0.0000000000000000,0.0000000000000000,0.0000000000000000,0.0000000000000000,0.0000000000000000,0.0000000000000000,0.0000000000000000,0.0000000000000000,0.0000000000000000,0.0000000000000000,0.0000000000000000,0.0000000000000000,0.0000000000000000,0.0000000000000000,0.0000000000000000,0.0000000000000000,0.0000000000000000,0.0000000000000000,0.0000000000000000,0.0000000000000000,0.0000000000000000,0.0000000000000000,0.0000000000000000,0.0000000000000000,0.0000000000000000,0.0000000000000000,0.0000000000000000,0.0000000000000000
351.8716305754282985,0.0000000000000000,-295.4116894155467321,0.0000000000000000,-76.9419907050417748,328.8574808583662730,0.0000000000000000,1.1346909009743342,0.0000000000000000,-51.2542631383250438,0.0000000000000000,455.7554274604927969,-152.4866355387677004,0.0000000000000000,-325.1664684911522158,-40.4502479537858051,-510.7852982164482682,0.0000000000000000,68.6679704780972457,0.0000000000000000,0.0000000000000000,941.8282180633541429,932.3662700038800040,43.8056835142606644,-616.6114496391872990,-349.2989303481773504,0.0000000000000000,177.3494465078132691
0.0000000000000000,0.0000000000000000,0.0000000000000000,0.0000000000000000,0.0000000000000000,0.0000000000000000,0.0000000000000000,0.0000000000000000,0.0000000000000000,0.0000000000000000,0.0000000000000000,0.0000000000000000,0.0000000000000000,0.0000000000000000,0.0000000000000000,0.0000000000000000,0.0000000000000000,0.0000000000000000,0.0000000000000000,0.0000000000000000,0.0000000000000000,0.0000000000000000,0.0000000000000000,0.0000000000000000,0.0000000000000000,0.0000000000000000,0.0000000000000000,0.0000000000000000
735.6350797049276480,0.0000000000000000,-617.5979613178524232,0.0000000000000000,-160.8576041563714227,687.5208971726051459,0.0000000000000000,2.3722242967234024,0.0000000000000000,-107.1539467030054880,0.0000000000000000,952.8181617187337906,-318.7938683918752645,0.0000000000000000,-679.8043382317578107,-84.5666964651433659,-1067.8655251379093443,0.0000000000000000,143.5596494472214317,0.0000000000000000,0.0000000000000000,1969.0188581851748495,1949.2373801969883971,91.5816868522287137,-1289.1093611624912683,-730.2565030528808165,0.0000000000000000,370.7729264903987314
570.1784735837377411,0.0000000000000000,-478.6898729923123597,0.0000000000000000,-124.6780444986473668,532.8859736597088386,0.0000000000000000,1.8386714633654293,0.0000000000000000,-83.0532358436462630,0.0000000000000000,738.5134559781536154,-247.0918071776081888,0.0000000000000000,-526.9049976029714344,-65.5462351331255491,-827.6847473886869011,0.0000000000000000,111.2706884816668946,0.0000000000000000,0.0000000000000000,1526.1536568755568624,1510.8213634114408705,70.9834371120160341,-999.1671524486885119,-566.0096285814747716,0.0000000000000000,287.3799076537633823
0.0000000000000000,0.0000000000000000,0.0000000000000000,0.0000000000000000,0.0000000000000000,0.0000000000000000,0.0000000000000000,0.0000000000000000,0.0000000000000000,0.0000000000000000,0.0000000000000000,0.0000000000000000,0.0000000000000000,0.0000000000000000,0.0000000000000000,0.0000000000000000,0.0000000000000000,0.0000000000000000,0.0000000000000000,0.0000000000000000,0.0000000000000000,0.0000000000000000,0.0000000000000000,0.0000000000000000,0.0000000000000000,0.0000000000000000,0.0000000000000000,0.0000000000000000
416.9174125261765198,0.0000000000000000,-350.0204804226601141,0.0000000000000000,-91.1652230300581152,389.6489460805112799,0.0000000000000000,1.3444459664951864,0.0000000000000000,-60.7289503095805401,0.0000000000000000,540.0048115582836772,-180.6747916269343648,0.0000000000000000,-385.2756258352148961,-47.9277419590652158,-605.2073153512251338,0.0000000000000000,81.3616958216675670,0.0000000000000000,0.0000000000000000,1115.9313499555919407,1104.7202986527011035,51.9034518208797664,-730.5961259143825828,-413.8691317648177801,0.0000000000000000,210.1336564987356326
0.0000000000000000,0.0000000000000000,0.0000000000000000,0.0000000000000000,0.0000000000000000,0.0000000000000000,0.0000000000000000,0.0000000000000000,0.0000000000000000,0.0000000000000000,0.0000000000000000,0.0000000000000000,0.0000000000000000,0.0000000000000000,0.0000000000000000,0.0000000000000000,0.0000000000000000,0.0000000000000000,0.0000000000000000,0.0000000000000000,0.0000000000000000,0.0000000000000000,0.0000000000000000,0.0000000000000000,0.0000000000000000,0.0000000000000000,0.0000000000000000,0.0000000000000000
0.0000000000000000,0.0000000000000000,0.0000000000000000,0.0000000000000000,0.0000000000000000,0.0000000000000000,0.0000000000000000,0.0000000000000000,0.0000000000000000,0.0000000000000000,0.0000000000000000,0.0000000000000000,0.0000000000000000,0.0000000000000000,0.0000000000000000,0.0000000000000000,0.0000000000000000,0.0000000000000000,0.0000000000000000,0.0000000000000000,0.0000000000000000,0.0000000000000000,0.0000000000000000,0.0000000000000000,0.0000000000000000,0.0000000000000000,0.0000000000000000,0.0000000000000000
0.0000000000000000,0.0000000000000000,0.0000000000000000,0.0000000000000000,0.0000000000000000,0.0000000000000000,0.0000000000000000,0.0000000000000000,0.0000000000000000,0.0000000000000000,0.0000000000000000,0.0000000000000000,0.0000000000000000,0.0000000000000000,0.0000000000000000,0.0000000000000000,0.0000000000000000,0.0000000000000000,0.0000000000000000,0.0000000000000000,0.0000000000000000,0.0000000000000000,0.0000000000000000,0.0000000000000000,0.0000000000000000,0.0000000000000000,0.0000000000000000,0.0000000000000000
0.0000000000000000,-61.3087865422331362,-728.9475850520035465,0.0000000000000000,0.0000000000000000,0.0000000000000000,0.0000000000000000,0.0000000000000000,-623.1638060259258509,-1135.8048916992509021,0.0000000000000000,0.0000000000000000,543.4777895809471602,0.0000000000000000,0.0000000000000000,0.0000000000000000,0.0000000000000000,428.1156554788723270,0.0000000000000000,0.0000000000000000,0.0000000000000000,0.0000000000000000,0.0000000000000000,0.0000000000000000,0.0000000000000000,1323.6938958001628635,878.0408797375451968,905.3079186331850678
0.0000000000000000,0.0000000000000000,0.0000000000000000,0.0000000000000000,0.0000000000000000,0.0000000000000000,0.0000000000000000,0.0000000000000000,0.0000000000000000,0.0000000000000000,0.0000000000000000,0.0000000000000000,0.0000000000000000,0.0000000000000000,0.0000000000000000,0.0000000000000000,0.0000000000000000,0.0000000000000000,0.0000000000000000,0.0000000000000000,0.0000000000000000,0.0000000000000000,0.0000000000000000,0.0000000000000000,0.0000000000000000,0.0000000000000000,0.0000000000000000,0.0000000000000000
0.0000000000000000,-88.2227823027908755,-1048.9488984076963334,0.0000000000000000,0.0000000000000000,0.0000000000000000,0.0000000000000000,0.0000000000000000,-896.7270092702333386,-1634.4128362384337834,0.0000000000000000,0.0000000000000000,782.0595614557312274,0.0000000000000000,0.0000000000000000,0.0000000000000000,0.0000000000000000,616.0545070927355482,0.0000000000000000,0.0000000000000000,0.0000000000000000,0.0000000000000000,0.0000000000000000,0.0000000000000000,0.0000000000000000,1904.7833922510590128,1263.4927839042313735,1302.7298031343325420
0.0000000000000000,0.0000000000000000,0.0000000000000000,0.0000000000000000,0.0000000000000000,0.0000000000000000,0.0000000000000000,0.0000000000000000,0.0000000000000000,0.0000000000000000,0.0000000000000000,0.0000000000000000,0.0000000000000000,0.0000000000000000,0.0000000000000000,0.0000000000000000,0.0000000000000000,0.0000000000000000,0.0000000000000000,0.0000000000000000,0.0000000000000000,0.0000000000000000,0.0000000000000000,0.0000000000000000,0.0000000000000000,0.0000000000000000,0.0000000000000000,0.0000000000000000
0.0000000000000000,-7.7249719627005433,-91.8481668679898036,0.0000000000000000,0.0000000000000000,0.0000000000000000,0.0000000000000000,0.0000000000000000,-78.5192988023653129,-143.1126179186525746,0.0000000000000000,0.0000000000000000,68.4787764307030926,0.0000000000000000,0.0000000000000000,0.0000000000000000,0.0000000000000000,53.9430254925902091,0.0000000000000000,0.0000000000000000,0.0000000000000000,0.0000000000000000,0.0000000000000000,0.0000000000000000,0.0000000000000000,166.7868312025745468,110.6340797237118920,114.0697554702801852
0.0000000000000000,-55.0197150347215853,-654.1719493531645639,0.0000000000000000,0.0000000000000000,0.0000000000000000,0.0000000000000000,0.0000000000000000,-559.2394983038934697,-1019.2937260842315936,0.0000000000000000,0.0000000000000000,487.7276944609859584,0.0000000000000000,0.0000000000000000,0.0000000000000000,0.0000000000000000,384.1994385278633786,0.0000000000000000,0.0000000000000000,0.0000000000000000,0.0000000000000000,0.0000000000000000,0.0000000000000000,0.0000000000000000,1187.9090265464035383,787.9712145129064993,812.4411933608050731
0.0000000000000000,0.0000000000000000,0.0000000000000000,0.0000000000000000,0.0000000000000000,0.0000000000000000,0.0000000000000000,0.0000000000000000,0.0000000000000000,0.0000000000000000,0.0000000000000000,0.0000000000000000,0.0000000000000000,0.0000000000000000,0.0000000000000000,0.0000000000000000,0.0000000000000000,0.0000000000000000,0.0000000000000000,0.0000000000000000,0.0000000000000000,0.0000000000000000,0.0000000000000000,0.0000000000000000,0.0000000000000000,0.0000000000000000,0.0000000000000000,0.0000000000000000
0.0000000000000000,-40.4772979036788740,-481.2659036399598449,0.0000000000000000,0.0000000000000000,0.0000000000000000,0.0000000000000000,0.0000000000000000,-411.4253183257178534,-749.8813066557182765,0.0000000000000000,0.0000000000000000,358.8150024425457332,0.0000000000000000,0.0000000000000000,0.0000000000000000,0.0000000000000000,282.6505938444865933,0.0000000000000000,0.0000000000000000,0.0000000000000000,0.0000000000000000,0.0000000000000000,0.0000000000000000,0.0000000000000000,873.9294182029792637,579.7003050494618037,597.7025542959009954
0.0000000000000000,0.0000000000000000,0.0000000000000000,0.0000000000000000,0.0000000000000000,0.0000000000000000,0.0000000000000000,0.0000000000000000,0.0000000000000000,0.0000000000000000,0.0000000000000000,0.0000000000000000,0.0000000000000000,0.0000000000000000,0.0000000000000000,0.0000000000000000,0.0000000000000000,0.0000000000000000,0.0000000000000000,0.0000000000000000,0.0000000000000000,0.0000000000000000,0.0000000000000000,0.0000000000000000,0.0000000000000000,0.0000000000000000,0.0000000000000000,0.0000000000000000
0.0000000000000000,-87.2215198256439663,-1037.0441143484547410,0.0000000000000000,0.0000000000000000,0.0000000000000000,0.0000000000000000,0.0000000000000000,-886.5498295986051289,-1615.8634751507704550,0.0000000000000000,0.0000000000000000,773.1837714008214562,0.0000000000000000,0.0000000000000000,0.0000000000000000,0.0000000000000000,609.0627500235450498,0.0000000000000000,0.0000000000000000,0.0000000000000000,0.0000000000000000,0.0000000000000000,0.0000000000000000,0.0000000000000000,1883.1655279310709830,1249.1530874942129685,1287.9447959548649578
0.0000000000000000,0.0000000000000000,0.0000000000000000,0.0000000000000000,0.0000000000000000,0.0000000000000000,0.0000000000000000,0.0000000000000000,0.0000000000000000,0.0000000000000000,0.0000000000000000,0.0000000000000000,0.0000000000000000,0.0000000000000000,0.0000000000000000,0.0000000000000000,0.0000000000000000,0.0000000000000000,0.0000000000000000,0.0000000000000000,0.0000000000000000,0.0000000000000000,0.0000000000000000,0.0000000000000000,0.0000000000000000,0.0000000000000000,0.0000000000000000,0.0000000000000000
0.0000000000000000,-98.9843234972475727,-1176.9011856338190682,0.0000000000000000,0.0000000000000000,0.0000000000000000,0.0000000000000000,0.0000000000000000,-1006.1110526947887820,-1833.7808521502638541,0.0000000000000000,0.0000000000000000,877.4563055556774316,0.0000000000000000,0.0000000000000000,0.0000000000000000,0.0000000000000000,691.2017171790746488,0.0000000000000000,0.0000000000000000,0.0000000000000000,0.0000000000000000,0.0000000000000000,0.0000000000000000,0.0000000000000000,2137.1315953702242041,1417.6154412039893487,1461.6386481712124805
0.0000000000000000,-66.2034999699068862,-787.1446190149340509,0.0000000000000000,0.0000000000000000,0.0000000000000000,0.0000000000000000,0.0000000000000000,-672.9153738031516241,-1226.4842179127649615,0.0000000000000000,0.0000000000000000,586.8674598767673842,0.0000000000000000,0.0000000000000000,0.0000000000000000,0.0000000000000000,462.2951518554035601,0.0000000000000000,0.0000000000000000,0.0000000000000000,0.0000000000000000,0.0000000000000000,0.0000000000000000,0.0000000000000000,1429.3737281915550739,948.1410843980515892,977.5850435842838806
0.0000000000000000,0.0000000000000000,0.0000000000000000,0.0000000000000000,0.0000000000000000,0.0000000000000000,0.0000000000000000,0.0000000000000000,0.0000000000000000,0.0000000000000000,0.0000000000000000,0.0000000000000000,0.0000000000000000,0.0000000000000000,0.0000000000000000,0.0000000000000000,0.0000000000000000,0.0000000000000000,0.0000000000000000,0.0000000000000000,0.0000000000000000,0.0000000000000000,0.0000000000000000,0.0000000000000000,0.0000000000000000,0.0000000000000000,0.0000000000000000,0.0000000000000000
0.0000000000000000,-15.7588138892947960,-187.3687276451352659,0.0000000000000000,0.0000000000000000,0.0000000000000000,0.0000000000000000,0.0000000000000000,-160.1780592238984582,-291.9473522854554517,0.0000000000000000,0.0000000000000000,139.6955611423117034,0.0000000000000000,0.0000000000000000,0.0000000000000000,0.0000000000000000,110.0428718017040381,0.0000000000000000,0.0000000000000000,0.0000000000000000,0.0000000000000000,0.0000000000000000,0.0000000000000000,0.0000000000000000,340.2423523085201396,225.6916763708083238,232.7003975591252924
0.0000000000000000,-2.9283503792114098,-34.8174227138197807,0.0000000000000000,0.0000000000000000,0.0000000000000000,0.0000000000000000,0.0000000000000000,-29.7647706080397789,-54.2505385101123423,0.0000000000000000,0.0000000000000000,25.9586509694826582,0.0000000000000000,0.0000000000000000,0.0000000000000000,0.0000000000000000,20.4484987026173286,0.0000000000000000,0.0000000000000000,0.0000000000000000,0.0000000000000000,0.0000000000000000,0.0000000000000000,0.0000000000000000,63.2248612367503213,41.9387087586761709,43.2410904920842469
0.0000000000000000,-43.4203599272205736,-516.2582444725605910,0.0000000000000000,0.0000000000000000,0.0000000000000000,0.0000000000000000,0.0000000000000000,-441.3396231977810658,-804.4043926836936862,0.0000000000000000,0.0000000000000000,384.9040662352575737,0.0000000000000000,0.0000000000000000,0.0000000000000000,0.0000000000000000,303.2018230953801776,0.0000000000000000,0.0000000000000000,0.0000000000000000,0.0000000000000000,0.0000000000000000,0.0000000000000000,0.0000000000000000,937.4719127659702735,621.8497083245146086,641.1608822976388637
0.0000000000000000,0.0000000000000000,0.0000000000000000,0.0000000000000000,0.0000000000000000,0.0000000000000000,0.0000000000000000,0.0000000000000000,0.0000000000000000,0.0000000000000000,0.0000000000000000,0.0000000000000000,0.0000000000000000,0.0000000000000000,0.0000000000000000,0.0000000000000000,0.0000000000000000,0.0000000000000000,0.0000000000000000,0.0000000000000000,0.0000000000000000,0.0000000000000000,0.0000000000000000,0.0000000000000000,0.0000000000000000,0.0000000000000000,0.0000000000000000,0.0000000000000000
0.0000000000000000,-10.7937385627354452,-128.3351066419931783,0.0000000000000000,0.0000000000000000,0.0000000000000000,0.0000000000000000,0.0000000000000000,-109.7113086615989772,-199.9645034701939608,0.0000000000000000,0.0000000000000000,95.6821608489858164,0.0000000000000000,0.0000000000000000,0.0000000000000000,0.0000000000000000,75.3720424179308708,0.0000000000000000,0.0000000000000000,0.0000000000000000,0.0000000000000000,0.0000000000000000,0.0000000000000000,0.0000000000000000,233.0433638335604201,154.5837756347165168,159.3842831283159285
0.0000000000000000,0.0000000000000000,0.0000000000000000,0.0000000000000000,0.0000000000000000,0.0000000000000000,0.0000000000000000,0.0000000000000000,0.0000000000000000,0.0000000000000000,0.0000000000000000,0.0000000000000000,0.0000000000000000,0.0000000000000000,0.0000000000000000,0.0000000000000000,0.0000000000000000,0.0000000000000000,0.0000000000000000,0.0000000000000000,0.0000000000000000,0.0000000000000000,0.0000000000000000,0.0000000000000000,0.0000000000000000,0.0000000000000000,0.0000000000000000,0.0000000000000000
0.0000000000000000,0.0000000000000000,0.0000000000000000,0.0000000000000000,0.0000000000000000,0.0000000000000000,0.0000000000000000,0.0000000000000000,0.0000000000000000,0.0000000000000000,0.0000000000000000,0.0000000000000000,0.0000000000000000,0.0000000000000000,0.0000000000000000,0.0000000000000000,0.0000000000000000,0.0000000000000000,0.0000000000000000,0.0000000000000000,0.0000000000000000,0.0000000000000000,0.0000000000000000,0.0000000000000000,0.0000000000000000,0.0000000000000000,0.0000000000000000,0.0000000000000000
0.0000000000000000,-48.5671879242852995,-577.4528635595642072,0.0000000000000000,0.0000000000000000,0.0000000000000000,0.0000000000000000,0.0000000000000000,-493.6537710467563329,-899.7543864692311217,0.0000000000000000,0.0000000000000000,430.5286310155636329,0.0000000000000000,0.0000000000000000,0.0000000000000000,0.0000000000000000,339.1418207021264379,0.0000000000000000,0.0000000000000000,0.0000000000000000,0.0000000000000000,0.0000000000000000,0.0000000000000000,0.0000000000000000,1048.5950516614836943,695.5606009595776413,717.1608229974268625
0.0000000000000000,-55.7757491645613612,-663.1610239091249923,0.0000000000000000,0.0000000000000000,0.0000000000000000,0.0000000000000000,0.0000000000000000,-566.9240918574114403,-1033.2999935606244435,0.0000000000000000,0.0000000000000000,494.4296336267535139,0.0000000000000000,0.0000000000000000,0.0000000000000000,0.0000000000000000,389.4787804511909144,0.0000000000000000,0.0000000000000000,0.0000000000000000,0.0000000000000000,0.0000000000000000,0.0000000000000000,0.0000000000000000,1204.2322620747418114,798.7988447746608927,823.6050692602148047
0.0000000000000000,-9.5277624598033537,-113.2829375319392398,0.0000000000000000,0.0000000000000000,0.0000000000000000,0.0000000000000000,0.0000000000000000,-96.8434877319255349,-176.5110650385898907,0.0000000000000000,0.0000000000000000,84.4597907306362004,0.0000000000000000,0.0000000000000000,0.0000000000000000,0.0000000000000000,66.5318056477248803,0.0000000000000000,0.0000000000000000,0.0000000000000000,0.0000000000000000,0.0000000000000000,0.0000000000000000,0.0000000000000000,205.7101717383993673,136.4529524063122494,140.6904179350242430
0.0000000000000000,-40.1209894971331522,-477.0294773928620202,0.0000000000000000,0.0000000000000000,0.0000000000000000,0.0000000000000000,0.0000000000000000,-407.8036758945939937,-743.2803469249392947,0.0000000000000000,0.0000000000000000,355.6564714044997686,0.0000000000000000,0.0000000000000000,0.0000000000000000,0.0000000000000000,280.1625131692007358,0.0000000000000000,0.0000000000000000,0.0000000000000000,0.0000000000000000,0.0000000000000000,0.0000000000000000,0.0000000000000000,866.2365035431537308,574.5973929811275411,592.4411743189997424
0.0000000000000000,-17.8913634212429571,-212.7242585403120643,0.0000000000000000,0.0000000000000000,0.0000000000000000,0.0000000000000000,0.0000000000000000,-181.8540335469619151,-331.4549062069336287,0.0000000000000000,0.0000000000000000,158.5997569543864643,0.0000000000000000,0.0000000000000000,0.0000000000000000,0.0000000000000000,124.9343399289069225,0.0000000000000000,0.0000000000000000,0.0000000000000000,0.0000000000000000,0.0000000000000000,0.0000000000000000,0.0000000000000000,386.2853904623863173,256.2332312232402387,264.1904022882229697
0.0000000000000000,0.0000000000000000,0.0000000000000000,0.0000000000000000,0.0000000000000000,0.0000000000000000,0.0000000000000000,0.0000000000000000,0.0000000000000000,0.0000000000000000,0.0000000000000000,0.0000000000000000,0.0000000000000000,0.0000000000000000,0.0000000000000000,0.0000000000000000,0.0000000000000000,0.0000000000000000,0.0000000000000000,0.0000000000000000,0.0000000000000000,0.0000000000000000,0.0000000000000000,0.0000000000000000,0.0000000000000000,0.0000000000000000,0.0000000000000000,0.0000000000000000
0.0000000000000000,-19.1070154326659427,-227.1780856011357912,0.0000000000000000,0.0000000000000000,0.0000000000000000,0.0000000000000000,0.0000000000000000,-194.2103429271772939,-353.9760419046222069,0.0000000000000000,0.0000000000000000,169.3760241964836268,0.0000000000000000,0.0000000000000000,0.0000000000000000,0.0000000000000000,133.4231665238689573,0.0000000000000000,0.0000000000000000,0.0000000000000000,0.0000000000000000,0.0000000000000000,0.0000000000000000,0.0000000000000000,412.5320548916246253,273.6433321527256339,282.1411635789471006
0.0000000000000000,0.0000000000000000,0.0000000000000000,0.0000000000000000
0.0000000000000000,0.0000000000000000,822.2493356618846292,-822.2493356618846292
0.0000000000000000,0.0000000000000000,2560.7424907399972653,-2560.7424907399972653
0.0000000000000000,0.0000000000000000,0.0000000000000000,0.0000000000000000
0.0000000000000000,0.0000000000000000,0.0000000000000000,0.0000000000000000
0.0000000000000000,0.0000000000000000,0.0000000000000000,0.0000000000000000
0.0000000000000000,0.0000000000000000,0.0000000000000000,0.0000000000000000
0.0000000000000000,0.0000000000000000,0.0000000000000000,0.0000000000000000
0.0000000000000000,0.0000000000000000,4682.1742722414328455,-4682.1742722414328455
0.0000000000000000,0.0000000000000000,78.2206228236235006,-78.2206228236235006
0.0000000000000000,0.0000000000000000,0.0000000000000000,0.0000000000000000
0.0000000000000000,0.0000000000000000,0.0000000000000000,0.0000000000000000
0.0000000000000000,0.0000000000000000,372.2709805494503144,-372.2709805494503144
0.0000000000000000,0.0000000000000000,0.0000000000000000,0.0000000000000000
0.0000000000000000,0.0000000000000000,0.0000000000000000,0.0000000000000000
0.0000000000000000,0.0000000000000000,0.0000000000000000,0.0000000000000000
0.0000000000000000,0.0000000000000000,0.0000000000000000,0.0000000000000000
0.0000000000000000,0.0000000000000000,1674.9781488975040702,-1674.9781488975040702
0.0000000000000000,0.0000000000000000,0.0000000000000000,0.0000000000000000
0.0000000000000000,0.0000000000000000,0.0000000000000000,0.0000000000000000
0.0000000000000000,0.0000000000000000,0.0000000000000000,0.0000000000000000
0.0000000000000000,0.0000000000000000,0.0000000000000000,0.0000000000000000
0.0000000000000000,0.0000000000000000,0.0000000000000000,0.0000000000000000
0.0000000000000000,0.0000000000000000,0.0000000000000000,0.0000000000000000
0.0000000000000000,0.0000000000000000,0.0000000000000000,0.0000000000000000
0.0000000000000000,0.0000000000000000,1882.3184946121882604,-1882.3184946121882604
0.0000000000000000,0.0000000000000000,6305.9600295580403326,-6305.9600295580403326
0.0000000000000000,0.0000000000000000,3104.1408315424223474,-3104.1408315424223474
